approval_year,building_use_name,existed_at_flood,first_flood_year,gis_building_id,last_flood_year,latitude,legal_dong_code,longitude,pnu,register_rows_on_parcel,underground_floor_count,underground_parking_confirmed,underground_parking_evidence,underground_parking_status
1992,제2종근린생활시설,YES,2022,1992191717384452950500000000,2022,37.509821,1156011800,126.907094,1156011800100820015,1,1,N,,REGISTER_ROW_WITHOUT_INDOOR_PARKING
2015,공장,YES,2022,2015189856544406851100000000,2022,37.4683128,1154510100,126.8861122,1154510100106700000,1,4,Y,지하 지3층 / 기타공장,CONFIRMED_BASEMENT_PARKING_USE
1981,제2종근린생활시설,YES,2022,1981201331834525751900000000,2022,37.5754726,1111017500,127.0158647,1111017500100650020,1,1,N,,REGISTER_ROW_WITHOUT_INDOOR_PARKING
1964,단독주택,YES,2022,1964201228344528098500000000,2022,37.5775894,1111017400,127.0146958,1111017400100230075,2,1,N,,REGISTER_ROW_WITHOUT_INDOOR_PARKING
1998,단독주택,YES,2022,1998201307434528091900000000,2022,37.5775888,1111017500,127.0155859,1111017500100550005,1,1,N,,REGISTER_ROW_WITHOUT_INDOOR_PARKING
1992,업무시설,YES,2022,1992191244304389304300000000,2022,37.4524686,1154510300,126.9018249,1154510300108890019,1,1,N,,PROBABLE_NOT_CONFIRMED_IN_FLOOR_ROWS
1986,단독주택,YES,2022,1986191235994393064100000000,2022,37.4558872,1154510300,126.9017348,1154510300108810052,1,1,N,,REGISTER_ROW_WITHOUT_INDOOR_PARKING
1977,공동주택,YES,2022,1977191113594415444900000000,2022,37.4760419,1154510200,126.9003248,1154510200109650029,1,1,N,,REGISTER_ROW_WITHOUT_INDOOR_PARKING
1987,단독주택,YES,2022,1987213116504439609800000000,2022,37.497764,1171011400,127.1491168,1171011400101320006,1,1,N,,REGISTER_ROW_WITHOUT_INDOOR_PARKING
1978,제1종근린생활시설,YES,2022,1978190869124408677900000000,2022,37.4699631,1154510200,126.8975564,1154510200102890007,1,1,N,,REGISTER_ROW_WITHOUT_INDOOR_PARKING
1992,단독주택,YES,2022,1992198223054423319300000000,2022,37.4831781,1159010700,126.9806984,1159010700110050019,1,1,N,,REGISTER_ROW_WITHOUT_INDOOR_PARKING
1988,제1종근린생활시설,YES,2022,1988191245094389663600000000,2022,37.4527821,1154510300,126.9018551,1154510300108890014,2,1,N,,REGISTER_ROW_WITHOUT_INDOOR_PARKING
1985,제2종근린생활시설,YES,2022,1985200463274521542000000000,2022,37.5716708,1111016200,127.0060308,1111016200101750001,1,1,N,,REGISTER_ROW_WITHOUT_INDOOR_PARKING
1996,제1종근린생활시설,YES,2022,1996196179864417475600000000,2022,37.4779047,1162010100,126.9576001,1162010100116260001,1,1,N,,REGISTER_ROW_WITHOUT_INDOOR_PARKING
1989,단독주택,YES,2022,1989197353554424645800000000,2022,37.4843719,1159010700,126.9708647,1159010700102500009,1,1,N,,REGISTER_ROW_WITHOUT_INDOOR_PARKING
1989,단독주택,YES,2022,1989191238774392129100000000,2022,37.4550293,1154510300,126.901764,1154510300108790023,1,1,N,,REGISTER_ROW_WITHOUT_INDOOR_PARKING
1991,공동주택,YES,2022,1991209848934445711600000000,2022,37.5033051,1171010400,127.1121724,1171010400100940022,2,1,Y,지하 지1 / 연립주택,CONFIRMED_BASEMENT_PARKING_USE
1986,공동주택,YES,2022,1986196320734559874500000000,2022,37.6062077,1111018200,126.9591205,1111018200100240007,1,1,N,,REGISTER_ROW_WITHOUT_INDOOR_PARKING
1988,단독주택,YES,2022,1988193322414421323000000000,2022,37.4813611,1162010200,126.9252938,1162010200116120051,1,1,N,,REGISTER_ROW_WITHOUT_INDOOR_PARKING
1968,제2종근린생활시설,YES,2022,1968198559444525837300000000,2022,37.5755466,1111012800,126.9844805,1111012800101100000,1,1,N,,REGISTER_ROW_WITHOUT_INDOOR_PARKING
1970,종교시설,YES,2022,1970198196414421568200000000,2022,37.4816202,1159010700,126.9803842,1159010700110180030,3,1,N,,REGISTER_ROW_WITHOUT_INDOOR_PARKING
1979,제1종근린생활시설,YES,2022,1979195982924418805400000000,2022,37.4791008,1162010100,126.955371,1162010100116110031,1,1,N,,REGISTER_ROW_WITHOUT_INDOOR_PARKING
1985,제1종근린생활시설,YES,2022,1985198744994528692200000000,2022,37.5781184,1111014800,126.9865803,1111014800101440001,1,1,N,,REGISTER_ROW_WITHOUT_INDOOR_PARKING
1988,단독주택,YES,2022,1988191605294417157500000000,2022,37.4775944,1154510200,126.9058769,1154510200108820026,1,1,N,,REGISTER_ROW_WITHOUT_INDOOR_PARKING
1989,제2종근린생활시설,YES,2022,1989198498164418256500000000,2022,37.478616,1165010100,126.9838095,1165010100104510022,1,1,N,,REGISTER_ROW_WITHOUT_INDOOR_PARKING
1982,제2종근린생활시설,YES,2022,1982198664794523240300000000,2022,37.5732071,1111012800,126.9856732,1111012800101970024,1,1,N,,REGISTER_ROW_WITHOUT_INDOOR_PARKING
1984,제2종근린생활시설,YES,2022,1984190923624437817300000000,2022,37.496198,1156013300,126.8981506,1156013300107210014,1,1,N,,REGISTER_ROW_WITHOUT_INDOOR_PARKING
1987,단독주택,YES,2022,1987192478024427396600000000,2022,37.4868227,1162010200,126.9157341,1162010200105000016,1,1,N,,REGISTER_ROW_WITHOUT_INDOOR_PARKING
1989,단독주택,YES,2022,1989192523474429102700000000,2022,37.4883864,1162010200,126.9162557,1162010200104970027,1,1,N,,REGISTER_ROW_WITHOUT_INDOOR_PARKING
2003,제2종근린생활시설,YES,2022,2003202140124451062100000000,2022,37.5081931,1168010800,127.0249793,1168010800101660007,1,2,Y,지하 지하2층 / 기타제2종근린생활시설,CONFIRMED_BASEMENT_PARKING_USE
1996,제1종근린생활시설,YES,2022,1996196002514424286300000000,2022,37.484043,1162010100,126.955592,1162010100100300003,2,2,N,,PROBABLE_NOT_CONFIRMED_IN_FLOOR_ROWS
1993,단독주택,YES,2022,1993199929804527343300000000,2022,37.5769008,1111016600,126.9999922,1111016600102950001,1,1,N,,REGISTER_ROW_WITHOUT_INDOOR_PARKING
2018,공장,YES,2022,2018189378164420708000000000,2022,37.4808312,1154510100,126.8806823,1154510100103710041,1,4,Y,지하 지2층 / 기타공장,CONFIRMED_BASEMENT_PARKING_USE
1990,단독주택,YES,2022,1990198126644417233500000000,2022,37.4776957,1159010700,126.979601,1159010700110390045,1,1,N,,REGISTER_ROW_WITHOUT_INDOOR_PARKING
1984,공동주택,YES,2022,1984212914754499180300000000,2022,37.5514381,1174010100,127.1469362,1174010100100280000,6,1,N,,REGISTER_ROW_WITHOUT_INDOOR_PARKING
1993,단독주택,YES,2022,1993198173524570563000000000,2022,37.6158369,1111018300,126.9800971,1111018300104100008,1,2,Y,지하 지하2층 / 단독주택,CONFIRMED_BASEMENT_PARKING_USE
1997,단독주택,YES,2022,1997197180104537925800000000,2022,37.5864347,1111010100,126.9688609,1111010100100520003,1,1,N,,REGISTER_ROW_WITHOUT_INDOOR_PARKING
1991,단독주택,YES,2022,1991191542384437166400000000,2022,37.4956163,1156013300,126.9051485,1156013300108940020,1,1,N,,REGISTER_ROW_WITHOUT_INDOOR_PARKING
1973,제1종근린생활시설,YES,2022,1973192347594422412300000000,2022,37.4823288,1162010200,126.9142691,1162010200105380001,1,1,N,,REGISTER_ROW_WITHOUT_INDOOR_PARKING
1984,제1종근린생활시설,YES,2022,1984193549124440886800000000,2022,37.4989916,1159010900,126.9278132,1159010900103470031,1,1,N,,REGISTER_ROW_WITHOUT_INDOOR_PARKING
1996,단독주택,YES,2022,1996196871454546526200000000,2022,37.5941904,1111018400,126.9653571,1111018400102100023,1,1,N,,REGISTER_ROW_WITHOUT_INDOOR_PARKING
1993,단독주택,YES,2022,1993192788434427051600000000,2022,37.4865136,1162010200,126.9192482,1162010200104790005,1,1,N,,REGISTER_ROW_WITHOUT_INDOOR_PARKING
1988,제1종근린생활시설,YES,2022,1988201595574524373400000000,2022,37.574211,1111017500,127.0188481,1111017500100720009,2,1,N,,REGISTER_ROW_WITHOUT_INDOOR_PARKING
1991,단독주택,YES,2022,1991201476394524685100000000,2022,37.5745067,1111017500,127.0175018,1111017500100720039,1,1,N,,REGISTER_ROW_WITHOUT_INDOOR_PARKING
1980,제2종근린생활시설,YES,2022,1980190304584417845500000000,2022,37.4781976,1154510100,126.8911756,1154510100101420041,1,1,N,,REGISTER_ROW_WITHOUT_INDOOR_PARKING
,제1종근린생활시설,UNKNOWN,2022,1968200545144495685200000000,2022,37.5483878,1114016200,127.0069574,1114016200103660440,2,1,N,,REGISTER_ROW_WITHOUT_INDOOR_PARKING
1996,제1종근린생활시설,YES,2022,1996190769304444616500000000,2022,37.5023298,1156013300,126.896402,1156013300107830002,1,1,Y,지하 지1층 / 기타제1종근린생활시설,CONFIRMED_BASEMENT_PARKING_USE
1987,단독주택,YES,2022,1987190917064438047600000000,2022,37.4963978,1156013300,126.8980724,1156013300107210016,1,1,N,,REGISTER_ROW_WITHOUT_INDOOR_PARKING
1997,제1종근린생활시설,YES,2022,1997191212524392260600000000,2022,37.4551472,1154510300,126.9014722,1154510300108790016,1,1,Y,지하 지1 / 주차장,CONFIRMED_BASEMENT_PARKING_USE
2016,단독주택,YES,2022,2016194119314442686000000000,2022,37.5006088,1159010200,126.9342837,1159010200102430005,1,1,N,,REGISTER_ROW_WITHOUT_INDOOR_PARKING
1996,제2종근린생활시설,YES,2022,1996201583874511496400000000,2022,37.5626251,1114016200,127.0187147,1114016200100520228,1,1,N,,REGISTER_ROW_WITHOUT_INDOOR_PARKING
1981,제2종근린생활시설,YES,2022,1981193735814426470200000000,2022,37.4859974,1162010200,126.9299634,1162010200114240019,1,1,N,,REGISTER_ROW_WITHOUT_INDOOR_PARKING
1976,단독주택,YES,2022,1976200551194495591000000000,2022,37.5482972,1114016200,127.0070257,1114016200103660440,2,1,N,,REGISTER_ROW_WITHOUT_INDOOR_PARKING
1963,제1종근린생활시설,YES,2022,1963189772154431240000000000,2022,37.4902631,1153010200,126.8851355,1153010200107310011,0,1,N,,NO_REGISTER_ROW_COLLECTED
1983,제1종근린생활시설,YES,2022,1983187243504440293600000000,2022,37.4984061,1153010700,126.8565302,1153010700101530124,1,1,N,,REGISTER_ROW_WITHOUT_INDOOR_PARKING
1996,단독주택,YES,2022,1996193584504431442700000000,2022,37.4904755,1162010100,126.9282459,1162010100107030010,0,1,N,,NO_REGISTER_ROW_COLLECTED
2016,단독주택,YES,2022,2016190860184432277500000000,2022,37.4911911,1156013300,126.8974436,1156013300110570006,1,1,N,,REGISTER_ROW_WITHOUT_INDOOR_PARKING
2004,제2종근린생활시설,YES,2022,2004201661264435925000000000,2022,37.4945374,1165010800,127.0195727,1165010800116380011,1,1,N,,PROBABLE_NOT_CONFIRMED_IN_FLOOR_ROWS
1991,단독주택,YES,2022,1991192894934427795800000000,2022,37.4871851,1162010200,126.9204524,1162010200104710016,1,1,N,,REGISTER_ROW_WITHOUT_INDOOR_PARKING
1993,단독주택,YES,2022,1993192449444419139000000000,2022,37.479379,1162010200,126.9154246,1162010200115670007,1,1,N,,REGISTER_ROW_WITHOUT_INDOOR_PARKING
1990,제2종근린생활시설,YES,2022,1990195081894423348900000000,2022,37.4832267,1162010100,126.9451782,1162010100109110034,1,1,N,,PROBABLE_NOT_CONFIRMED_IN_FLOOR_ROWS
1991,단독주택,YES,2022,1991192526644414584200000000,2022,37.4752708,1162010200,126.9163072,1162010200107560018,1,1,N,,REGISTER_ROW_WITHOUT_INDOOR_PARKING
1991,단독주택,YES,2022,1991192397804426383200000000,2022,37.4859176,1162010200,126.9148256,1162010200105150008,1,1,N,,REGISTER_ROW_WITHOUT_INDOOR_PARKING
2000,공동주택,YES,2022,2000200164804507391100000000,2022,37.558916,1114014400,127.0026462,1114014400101930239,1,1,N,,REGISTER_ROW_WITHOUT_INDOOR_PARKING
1992,단독주택,YES,2022,1992195134284416405600000000,2022,37.4769369,1162010100,126.94578,1162010100115790003,1,1,N,,REGISTER_ROW_WITHOUT_INDOOR_PARKING
1994,단독주택,YES,2022,1994199605844507505100000000,2022,37.55903,1114013900,126.996327,1114013900100410002,1,1,N,,REGISTER_ROW_WITHOUT_INDOOR_PARKING
1997,단독주택,YES,2022,1997193306084420135700000000,2022,37.4802852,1162010200,126.9251091,1162010200116190010,1,1,N,,REGISTER_ROW_WITHOUT_INDOOR_PARKING
1992,단독주택,YES,2022,1992192740994411745400000000,2022,37.4727486,1162010200,126.9187367,1162010200107060043,1,1,N,,REGISTER_ROW_WITHOUT_INDOOR_PARKING
1993,제2종근린생활시설,YES,2022,1993196691624482616600000000,2022,37.5365739,1117011300,126.9633455,1117011300100290003,1,1,N,,REGISTER_ROW_WITHOUT_INDOOR_PARKING
1940,단독주택,YES,2022,1940195920544481776800000000,2022,37.5358337,1117011400,126.9546321,1117011400100800024,1,1,N,,PROBABLE_NOT_CONFIRMED_IN_FLOOR_ROWS
1991,단독주택,YES,2022,1991193212794420818100000000,2022,37.4808947,1162010200,126.9240559,1162010200115830027,1,1,N,,REGISTER_ROW_WITHOUT_INDOOR_PARKING
1993,단독주택,YES,2022,1993193301934427012200000000,2022,37.4864867,1162010200,126.9250592,1162010200114590032,1,1,N,,REGISTER_ROW_WITHOUT_INDOOR_PARKING
1989,단독주택,YES,2022,1989196823124498747000000000,2022,37.55113,1117010800,126.9648355,1117010800102520041,1,1,N,,REGISTER_ROW_WITHOUT_INDOOR_PARKING
1995,단독주택,YES,2022,1995197095484502606700000000,2022,37.5546048,1117010800,126.9679197,1117010800102230038,1,1,N,,REGISTER_ROW_WITHOUT_INDOOR_PARKING
1986,공동주택,YES,2022,1986197650164493900200000000,2022,37.54676,1117010400,126.974199,1117010400100070199,1,1,N,,REGISTER_ROW_WITHOUT_INDOOR_PARKING
1984,제2종근린생활시설,YES,2022,1984190836204471667300000000,2022,37.5266943,1156011300,126.8971192,1156011300102140000,1,1,N,,REGISTER_ROW_WITHOUT_INDOOR_PARKING
1985,제2종근린생활시설,YES,2022,1985200947054501174400000000,2022,37.5533641,1114016200,127.0115086,1114016200103720006,1,1,N,,REGISTER_ROW_WITHOUT_INDOOR_PARKING
1996,단독주택,YES,2022,1996199090464487576400000000,2022,37.5410707,1117013000,126.990498,1117013000102550031,1,1,N,,REGISTER_ROW_WITHOUT_INDOOR_PARKING
1990,단독주택,YES,2022,1990193030754450977500000000,2022,37.50808,1156013200,126.9219699,1156013200104570003,9,1,N,,REGISTER_ROW_WITHOUT_INDOOR_PARKING
2007,단독주택,YES,2022,2007193059464430521700000000,2022,37.4896407,1162010200,126.9223096,1162010200114460001,1,1,N,,PROBABLE_NOT_CONFIRMED_IN_FLOOR_ROWS
1993,단독주택,YES,2022,1993192146924425924500000000,2022,37.4854935,1162010200,126.9119961,1162010200105340029,1,1,N,,REGISTER_ROW_WITHOUT_INDOOR_PARKING
1992,단독주택,YES,2022,1992192573434429147700000000,2022,37.4883888,1162010200,126.9168152,1162010200104960021,1,1,N,,REGISTER_ROW_WITHOUT_INDOOR_PARKING
1976,제2종근린생활시설,YES,2022,1976198660724437082900000000,2022,37.4955791,1165010100,126.9856438,1165010100107610007,0,1,N,,NO_REGISTER_ROW_COLLECTED
1984,제1종근린생활시설,YES,2022,1984198281514418404000000000,2022,37.4787484,1159010700,126.9813602,1159010700110310028,1,1,N,,REGISTER_ROW_WITHOUT_INDOOR_PARKING
1997,제2종근린생활시설,YES,2022,1997202051434451337700000000,2022,37.5084232,1168010800,127.0239902,1168010800101630019,1,1,N,,REGISTER_ROW_WITHOUT_INDOOR_PARKING
1981,제1종근린생활시설,YES,2022,1981191519544470051200000000,2022,37.5252809,1156010800,126.9048495,1156010800100660004,1,1,N,,REGISTER_ROW_WITHOUT_INDOOR_PARKING
1990,단독주택,YES,2022,1990192160784420395500000000,2022,37.4805093,1162010200,126.9121529,1162010200114870017,1,1,N,,REGISTER_ROW_WITHOUT_INDOOR_PARKING
1993,단독주택,YES,2022,1993192515994426431900000000,2022,37.4859546,1162010200,126.9161696,1162010200105020031,1,1,N,,REGISTER_ROW_WITHOUT_INDOOR_PARKING
1988,제2종근린생활시설,YES,2022,1988193918504425181000000000,2022,37.4848365,1162010200,126.9320279,1162010200114220011,1,1,N,,REGISTER_ROW_WITHOUT_INDOOR_PARKING
1981,단독주택,YES,2022,1981193340484457239700000000,2022,37.5137214,1156013200,126.9254615,1156013200113580000,1,1,N,,REGISTER_ROW_WITHOUT_INDOOR_PARKING
1968,제2종근린생활시설,YES,2022,1968197270114476112000000000,2022,37.5307404,1117012500,126.9699036,1117012500101230004,1,1,N,,REGISTER_ROW_WITHOUT_INDOOR_PARKING
1981,제1종근린생활시설,YES,2022,1981197010954476077600000000,2022,37.5307187,1117012500,126.9669559,1117012500100020194,6,1,N,,REGISTER_ROW_WITHOUT_INDOOR_PARKING
1981,제2종근린생활시설,YES,2022,1981197091194476447700000000,2022,37.5310099,1117012500,126.9678943,1117012500100020194,6,1,N,,REGISTER_ROW_WITHOUT_INDOOR_PARKING
1982,제1종근린생활시설,YES,2022,1982199887734473573600000000,2022,37.5284631,1117013600,126.999514,1117013600102530004,1,1,N,,PROBABLE_NOT_CONFIRMED_IN_FLOOR_ROWS
1977,제1종근린생활시설,YES,2022,1977198683494437205500000000,2022,37.4956904,1165010100,126.9859011,1165010100107600002,2,1,N,,REGISTER_ROW_WITHOUT_INDOOR_PARKING
1985,단독주택,YES,2022,1985211538494498508000000000,2022,37.5508456,1174010700,127.1313561,1174010700104940042,1,1,N,,REGISTER_ROW_WITHOUT_INDOOR_PARKING
2007,공동주택,YES,2022,2007196747604471028000000000,2022,37.5261587,1117012800,126.9639945,1117012800100400139,1,1,N,,PROBABLE_NOT_CONFIRMED_IN_FLOOR_ROWS
2008,제1종근린생활시설,YES,2022,2008197427514475532300000000,2022,37.5302424,1117012500,126.9717019,1117012500100710000,1,1,N,,REGISTER_ROW_WITHOUT_INDOOR_PARKING
1981,공동주택,YES,2022,1981197041864476058000000000,2022,37.5306915,1117012500,126.9673214,1117012500100020194,6,1,N,,REGISTER_ROW_WITHOUT_INDOOR_PARKING
1981,공동주택,YES,2022,1981197072694476329500000000,2022,37.5309374,1117012500,126.9676708,1117012500100020194,6,1,N,,REGISTER_ROW_WITHOUT_INDOOR_PARKING
1991,단독주택,YES,2022,1991199802434476242600000000,2022,37.53086,1117013600,126.9985574,1117013600102710028,1,1,N,,REGISTER_ROW_WITHOUT_INDOOR_PARKING
1991,단독주택,YES,2022,1991199795524476240700000000,2022,37.5308508,1117013600,126.9984765,1117013600102710030,1,1,N,,REGISTER_ROW_WITHOUT_INDOOR_PARKING
1987,단독주택,YES,2022,1987199790204476126800000000,2022,37.5307556,1117013600,126.9984148,1117013600102650268,1,1,N,,REGISTER_ROW_WITHOUT_INDOOR_PARKING
1990,제1종근린생활시설,YES,2022,1990194575754446908400000000,2022,37.504379,1159010200,126.9394291,1159010200103680050,1,1,N,,REGISTER_ROW_WITHOUT_INDOOR_PARKING
2011,업무시설,YES,2022,2011193339064427906200000000,2022,37.4872874,1162010200,126.9254738,1162010200114580033,1,1,N,,REGISTER_ROW_WITHOUT_INDOOR_PARKING
1993,단독주택,YES,2022,1993194134234442756100000000,2022,37.5006699,1159010200,126.9344515,1159010200102430016,1,1,N,,REGISTER_ROW_WITHOUT_INDOOR_PARKING
1980,제2종근린생활시설,YES,2022,1980190855924415502900000000,2022,37.4760938,1154510200,126.8974088,1154510200101440010,2,1,N,,REGISTER_ROW_WITHOUT_INDOOR_PARKING
1988,제1종근린생활시설,YES,2022,1988200036634470552300000000,2022,37.5257387,1117013600,127.0012008,1117013600100930001,1,1,N,,REGISTER_ROW_WITHOUT_INDOOR_PARKING
1974,제1종근린생활시설,YES,2022,1974200358054478876400000000,2022,37.5332403,1117013100,127.0048393,1117013100106380011,1,1,N,,REGISTER_ROW_WITHOUT_INDOOR_PARKING
1976,제1종근린생활시설,YES,2022,1976200428554477854700000000,2022,37.5322903,1117013100,127.0056401,1117013100106310003,1,1,N,,REGISTER_ROW_WITHOUT_INDOOR_PARKING
1989,단독주택,YES,2022,1989192540124427929200000000,2022,37.4872897,1162010200,126.9164381,1162010200104990004,1,1,N,,REGISTER_ROW_WITHOUT_INDOOR_PARKING
2013,제2종근린생활시설,YES,2022,2013200424534479704200000000,2022,37.5339818,1117013100,127.0055914,1117013100106570189,1,1,N,,REGISTER_ROW_WITHOUT_INDOOR_PARKING
1992,단독주택,YES,2022,1992199321974465962500000000,2022,37.5216123,1117013300,126.9931222,1117013300102240001,1,1,N,,REGISTER_ROW_WITHOUT_INDOOR_PARKING
1989,단독주택,YES,2022,1989199612104468234300000000,2022,37.5236399,1117013200,126.9964049,1117013200100440013,1,1,N,,REGISTER_ROW_WITHOUT_INDOOR_PARKING
1990,단독주택,YES,2022,1990199808234467248800000000,2022,37.5227682,1117013400,126.9986204,1117013400100430034,1,1,N,,REGISTER_ROW_WITHOUT_INDOOR_PARKING
1989,제2종근린생활시설,YES,2022,1989211756524436215500000000,2022,37.4947245,1171010700,127.1337322,1171010700101900000,1,1,N,,REGISTER_ROW_WITHOUT_INDOOR_PARKING
2008,제2종근린생활시설,YES,2022,2008197301354475019700000000,2022,37.5297554,1117012500,126.9702578,1117012500101520002,1,1,N,,PROBABLE_NOT_CONFIRMED_IN_FLOOR_ROWS
1988,단독주택,YES,2022,1988211951254438245500000000,2022,37.4965518,1171010700,127.1359373,1171010700101740018,1,1,N,,PROBABLE_NOT_CONFIRMED_IN_FLOOR_ROWS
1986,단독주택,YES,2022,1986191307214393017700000000,2022,37.4558261,1154510300,126.9025352,1154510300108800029,2,1,N,,REGISTER_ROW_WITHOUT_INDOOR_PARKING
1991,단독주택,YES,2022,1991192520554428126000000000,2022,37.4874832,1162010200,126.9162144,1162010200104990008,1,1,N,,REGISTER_ROW_WITHOUT_INDOOR_PARKING
2001,공동주택,YES,2022,2001192547414424810800000000,2022,37.4844919,1162010200,126.9165255,1162010200105120016,1,1,Y,지하 지1층 / 부대시설,CONFIRMED_BASEMENT_PARKING_USE
1997,단독주택,YES,2022,1997192992084430356300000000,2022,37.4894923,1162010200,126.9215482,1162010200114460011,1,1,Y,지하 지1층 / 다가구주택,CONFIRMED_BASEMENT_PARKING_USE
2015,공장,YES,2022,2015190943064476214400000000,2022,37.5308233,1156011400,126.8983426,1156011400100800000,1,4,Y,지하 지1층 / 기타공장,CONFIRMED_BASEMENT_PARKING_USE
1983,단독주택,YES,2022,1983191708254417171600000000,2022,37.4776136,1154510200,126.9070398,1154510200108830020,2,1,N,,REGISTER_ROW_WITHOUT_INDOOR_PARKING
1977,제2종근린생활시설,YES,2022,1977204291844449125600000000,2022,37.50642,1168010500,127.0493286,1168010500101400016,1,1,Y,지하 지하1층 / 기타제2종근린생활시설,CONFIRMED_BASEMENT_PARKING_USE
1991,제2종근린생활시설,YES,2022,1991201906234444750900000000,2022,37.502487,1165010800,127.0223464,1165010800113020007,1,1,N,,PROBABLE_NOT_CONFIRMED_IN_FLOOR_ROWS
1993,제2종근린생활시설,YES,2022,1993193541364423970800000000,2022,37.4837505,1162010200,126.9277611,1162010200116390017,1,1,N,,REGISTER_ROW_WITHOUT_INDOOR_PARKING
1990,제2종근린생활시설,YES,2022,1990193645484431921600000000,2022,37.49091,1162010100,126.9289336,1162010100107110004,1,1,N,,REGISTER_ROW_WITHOUT_INDOOR_PARKING
1977,제1종근린생활시설,YES,2022,1977193014364527999500000000,2022,37.5774613,1141012000,126.9217295,1141012000103500006,1,1,N,,REGISTER_ROW_WITHOUT_INDOOR_PARKING
1991,제2종근린생활시설,YES,2022,1991187435394444012200000000,2022,37.5017363,1153010600,126.8586934,1153010600101340031,1,1,N,,REGISTER_ROW_WITHOUT_INDOOR_PARKING
1985,제1종근린생활시설,YES,2022,1985191019064432099200000000,2022,37.4910464,1156013300,126.8992364,1156013300110720034,1,1,N,,REGISTER_ROW_WITHOUT_INDOOR_PARKING
1991,단독주택,YES,2022,1991190916544472011600000000,2022,37.527005,1156011300,126.8980277,1156011300101350000,1,1,N,,REGISTER_ROW_WITHOUT_INDOOR_PARKING
1995,제1종근린생활시설,YES,2022,1995191129064480130100000000,2022,37.5343221,1156011500,126.900422,1156011500100320002,1,2,Y,지하 지2층 / 기타제1종근린생활시설,CONFIRMED_BASEMENT_PARKING_USE
1992,업무시설,YES,2022,1992203016274435699800000000,2022,37.4943396,1168010100,127.0348916,1168010100108340046,1,2,Y,지하 지하1층 / 기타일반업무시설,CONFIRMED_BASEMENT_PARKING_USE
1994,공동주택,YES,2022,1994213933874433215600000000,2022,37.4920048,1171011400,127.1583499,1171011400105660000,1,1,N,,REGISTER_ROW_WITHOUT_INDOOR_PARKING
1984,제2종근린생활시설,YES,2022,1984193795074441594000000000,2022,37.4996233,1159010200,126.9306183,1159010200103240002,1,1,N,,REGISTER_ROW_WITHOUT_INDOOR_PARKING
2005,판매시설,YES,2022,2005206778434552177200000000,2022,37.5992586,1126010300,127.0775517,1126010300103140001,1,3,Y,지하 지하2층 / 아파트,CONFIRMED_BASEMENT_PARKING_USE
1975,제1종근린생활시설,YES,2022,1975193226374440441100000000,2022,37.4985826,1159010800,126.9241935,1159010800104070024,1,1,N,,REGISTER_ROW_WITHOUT_INDOOR_PARKING
2003,단독주택,YES,2022,2003201751894447190300000000,2022,37.5046864,1165010700,127.0206005,1165010700107320026,1,1,N,,REGISTER_ROW_WITHOUT_INDOOR_PARKING
1975,제1종근린생활시설,YES,2022,1975196901104413935700000000,2022,37.4747143,1162010100,126.9657431,1162010100116380001,1,1,N,,REGISTER_ROW_WITHOUT_INDOOR_PARKING
2004,판매시설,YES,2022,2004193749594425119400000000,2022,37.4848144,1162010200,126.9301031,1162010200114220005,1,7,Y,지하 지3층 / 기타소매시장,CONFIRMED_BASEMENT_PARKING_USE
2004,업무시설,YES,2022,2004193738674425540300000000,2022,37.4851585,1162010200,126.9299942,1162010200114210029,1,5,Y,지하 지3층 / 오피스텔,CONFIRMED_BASEMENT_PARKING_USE
1988,제2종근린생활시설,YES,2022,1988190404704432706600000000,2022,37.4915866,1153010200,126.8922888,1153010200101420065,1,1,N,,REGISTER_ROW_WITHOUT_INDOOR_PARKING
1974,제1종근린생활시설,YES,2022,1974198219984419429400000000,2022,37.4796819,1159010700,126.9806723,1159010700110320001,1,1,N,,REGISTER_ROW_WITHOUT_INDOOR_PARKING
1984,제2종근린생활시설,YES,2022,1984190986264437538500000000,2022,37.4959508,1156013300,126.8988619,1156013300107200005,1,1,N,,REGISTER_ROW_WITHOUT_INDOOR_PARKING
1983,제1종근린생활시설,YES,2022,1983191402984445381900000000,2022,37.5030081,1156013200,126.903567,1156013200103550135,1,1,N,,REGISTER_ROW_WITHOUT_INDOOR_PARKING
2018,제2종근린생활시설,YES,2022,2018190916084432392500000000,2022,37.4913177,1156013300,126.8980754,1156013300110580021,1,1,N,,REGISTER_ROW_WITHOUT_INDOOR_PARKING
1990,단독주택,YES,2022,1990191691534449665200000000,2022,37.5068701,1156013200,126.9068126,1156013200103180005,1,1,N,,REGISTER_ROW_WITHOUT_INDOOR_PARKING
1984,제1종근린생활시설,YES,2022,1984190967704436126200000000,2022,37.4946733,1156013300,126.8986505,1156013300107100003,1,1,N,,REGISTER_ROW_WITHOUT_INDOOR_PARKING
1997,단독주택,YES,2022,1997190700814436132600000000,2022,37.4946813,1156013300,126.8956326,1156013300108100001,1,1,N,,REGISTER_ROW_WITHOUT_INDOOR_PARKING
1986,제1종근린생활시설,YES,2022,1986190838344435822000000000,2022,37.4943995,1156013300,126.897197,1156013300107130000,1,1,N,,REGISTER_ROW_WITHOUT_INDOOR_PARKING
1985,제2종근린생활시설,YES,2022,1985190799864433825700000000,2022,37.4925997,1156013300,126.8967561,1156013300110500030,1,1,N,,REGISTER_ROW_WITHOUT_INDOOR_PARKING
1986,공동주택,YES,2022,1986190940034433825300000000,2022,37.492598,1156013300,126.8983406,1156013300107050010,1,1,N,,REGISTER_ROW_WITHOUT_INDOOR_PARKING
1978,업무시설,YES,2022,1978202024584449922000000000,2022,37.5071454,1168010800,127.0236865,1168010800101650000,1,1,N,,PROBABLE_NOT_CONFIRMED_IN_FLOOR_ROWS
1976,단독주택,YES,2022,1976196212644416796500000000,2022,37.4772974,1162010100,126.9579715,1162010100116260036,1,1,N,,REGISTER_ROW_WITHOUT_INDOOR_PARKING
1994,제2종근린생활시설,YES,2022,1994198272704427682000000000,2022,37.4870718,1159010700,126.981245,1159010700101390071,1,1,N,,REGISTER_ROW_WITHOUT_INDOOR_PARKING
2005,공장,YES,2022,2005189837154416157300000000,2022,37.4766216,1154510100,126.8859478,1154510100100600073,1,2,Y,지하 지2층 / 기타제2종근린생활시설,CONFIRMED_BASEMENT_PARKING_USE
1971,제1종근린생활시설,YES,2022,1971193721544554755300000000,2022,37.6015728,1138010200,126.9296877,1138010200102120000,3,1,N,,REGISTER_ROW_WITHOUT_INDOOR_PARKING
1990,단독주택,YES,2022,1990193032304451331100000000,2022,37.5083895,1156013200,126.9219855,1156013200104570003,9,1,N,,REGISTER_ROW_WITHOUT_INDOOR_PARKING
1983,제2종근린생활시설,YES,2022,1983191351094402840200000000,2022,37.4646924,1154510200,126.9030337,1154510200103910091,1,1,N,,REGISTER_ROW_WITHOUT_INDOOR_PARKING
1993,단독주택,YES,2022,1993193019684450963900000000,2022,37.5080606,1156013200,126.9218405,1156013200104570003,9,1,N,,REGISTER_ROW_WITHOUT_INDOOR_PARKING
1990,단독주택,YES,2022,1990193034974451448300000000,2022,37.5085099,1156013200,126.922015,1156013200104570003,9,1,N,,REGISTER_ROW_WITHOUT_INDOOR_PARKING
1995,단독주택,YES,2022,1995193031934451202300000000,2022,37.5082795,1156013200,126.9219757,1156013200104570003,9,1,N,,REGISTER_ROW_WITHOUT_INDOOR_PARKING
1995,단독주택,YES,2022,1995193021254451227600000000,2022,37.5082998,1156013200,126.9218573,1156013200104570003,9,1,N,,REGISTER_ROW_WITHOUT_INDOOR_PARKING
1987,제2종근린생활시설,YES,2022,1987190614344437473300000000,2022,37.4958854,1156013300,126.8946531,1156013300107770001,5,1,N,,REGISTER_ROW_WITHOUT_INDOOR_PARKING
1995,단독주택,YES,2022,1995193022344451339000000000,2022,37.5083908,1156013200,126.9218695,1156013200104570003,9,1,N,,REGISTER_ROW_WITHOUT_INDOOR_PARKING
1998,단독주택,YES,2022,1998193025164451459400000000,2022,37.5085265,1156013200,126.9219051,1156013200104570003,9,1,N,,REGISTER_ROW_WITHOUT_INDOOR_PARKING
1995,단독주택,YES,2022,1995193028794451100300000000,2022,37.5081717,1156013200,126.9219485,1156013200104570003,9,1,N,,REGISTER_ROW_WITHOUT_INDOOR_PARKING
1993,단독주택,YES,2022,1993191717524395365800000000,2022,37.4579527,1154510300,126.9071778,1154510300108100021,1,1,Y,지하 지1층 / 주차장,CONFIRMED_BASEMENT_PARKING_USE
1992,단독주택,YES,2022,1992191834914453999400000000,2022,37.5107818,1156011800,126.9084427,1156011800100380005,1,1,N,,REGISTER_ROW_WITHOUT_INDOOR_PARKING
1984,제2종근린생활시설,YES,2022,1984190906634436057000000000,2022,37.4946141,1156013300,126.89796,1156013300107130007,1,1,N,,REGISTER_ROW_WITHOUT_INDOOR_PARKING
1974,제2종근린생활시설,YES,2022,1974198125374418294400000000,2022,37.4786633,1159010700,126.9796016,1159010700110320045,1,1,N,,REGISTER_ROW_WITHOUT_INDOOR_PARKING
1995,단독주택,YES,2022,1995201438454525784200000000,2022,37.5754882,1111017500,127.0170751,1111017500100590048,1,1,Y,지하 지하층 / 다가구주택,CONFIRMED_BASEMENT_PARKING_USE
2000,제1종근린생활시설,YES,2022,2000191050274448873400000000,2022,37.5061591,1156011800,126.8995698,1156011800102500019,1,1,Y,지하 지1 / 기타제1종근린생활시설,CONFIRMED_BASEMENT_PARKING_USE
2018,단독주택,YES,2022,2018193821724440009300000000,2022,37.4982037,1159010200,126.9309203,1159010200103190011,1,1,N,,REGISTER_ROW_WITHOUT_INDOOR_PARKING
1969,제1종근린생활시설,YES,2022,1969191439654430506600000000,2022,37.4896162,1156013300,126.9040028,1156013300109910007,1,1,N,,REGISTER_ROW_WITHOUT_INDOOR_PARKING
1971,공동주택,YES,2022,1971191591484464895700000000,2022,37.5206169,1156010600,126.9056725,1156010600100240000,1,2,N,,REGISTER_ROW_WITHOUT_INDOOR_PARKING
1992,제1종근린생활시설,YES,2022,1992194183944426537200000000,2022,37.4860697,1162010100,126.9350329,1162010100109600013,1,1,N,,REGISTER_ROW_WITHOUT_INDOOR_PARKING
1991,공동주택,YES,2022,1991209833144445574800000000,2022,37.5031819,1171010400,127.1119937,1171010400100940022,2,1,Y,지하 지1 / 연립주택,CONFIRMED_BASEMENT_PARKING_USE
1993,제1종근린생활시설,YES,2022,1993202531514429254200000000,2022,37.488523,1165010800,127.0294132,1165010800113410004,1,1,N,,REGISTER_ROW_WITHOUT_INDOOR_PARKING
1997,제2종근린생활시설,YES,2022,1997204425714484257800000000,2022,37.5380556,1120011400,127.0508674,1120011400103030000,1,1,N,,REGISTER_ROW_WITHOUT_INDOOR_PARKING
2004,공동주택,YES,2022,2004189999884431320700000000,2022,37.4903419,1153010200,126.8877192,1153010200107300002,1,1,Y,지하 지1층 / 주차장,CONFIRMED_BASEMENT_PARKING_USE
2017,공동주택,YES,2022,2017189566484422872900000000,2022,37.4827141,1154510100,126.8828067,1154510100107770000,1,1,Y,지하 지1층 / 소매점,CONFIRMED_BASEMENT_PARKING_USE
1983,제1종근린생활시설,YES,2022,1983191395824445520900000000,2022,37.5031406,1156013200,126.9034814,1156013200103550056,1,1,N,,REGISTER_ROW_WITHOUT_INDOOR_PARKING
1992,단독주택,YES,2022,1992205503144488326200000000,2022,37.5417365,1120011500,127.0630555,1120011500102750039,1,1,N,,REGISTER_ROW_WITHOUT_INDOOR_PARKING
1989,공동주택,YES,2022,1989204961434486116300000000,2022,37.5397482,1120011500,127.0569232,1120011500102690107,1,1,N,,PROBABLE_NOT_CONFIRMED_IN_FLOOR_ROWS
2004,교육연구시설,YES,2022,2004198805184432811500000000,2022,37.491734,1165010100,126.9872756,1165010100107920004,1,2,N,,REGISTER_ROW_WITHOUT_INDOOR_PARKING
1998,제2종근린생활시설,YES,2022,1998191128814433913800000000,2022,37.4926883,1156013300,126.9004857,1156013300107010001,1,1,Y,지하 지1 / 기타제1종근린생활시설,CONFIRMED_BASEMENT_PARKING_USE
1987,단독주택,YES,2022,1987190834714433450600000000,2022,37.4922682,1156013300,126.8971494,1156013300110560041,1,1,N,,REGISTER_ROW_WITHOUT_INDOOR_PARKING
1990,제2종근린생활시설,YES,2022,1990210561924438337200000000,2022,37.4966477,1171010700,127.1202263,1171010700100750013,1,1,N,,PROBABLE_NOT_CONFIRMED_IN_FLOOR_ROWS
2007,제2종근린생활시설,YES,2022,2007202004384452007800000000,2022,37.5090318,1168010800,127.0234593,1168010800101440008,1,2,N,,REGISTER_ROW_WITHOUT_INDOOR_PARKING
2010,단독주택,YES,2022,2010191881194427765600000000,2022,37.4871496,1159010900,126.9089898,1159010900106940007,1,1,N,,REGISTER_ROW_WITHOUT_INDOOR_PARKING
1994,제2종근린생활시설,YES,2022,1994191148554430824000000000,2022,37.4899084,1156013300,126.9007084,1156013300110250094,1,1,N,,REGISTER_ROW_WITHOUT_INDOOR_PARKING
1988,업무시설,YES,2022,1988202820924434911700000000,2022,37.4936208,1168010100,127.0326875,1168010100108330002,1,2,Y,지하 지하1층 / 기타일반업무시설,CONFIRMED_BASEMENT_PARKING_USE
1991,업무시설,YES,2022,1991204114994418217700000000,2022,37.4785903,1168010300,127.0473143,1168010300112310000,1,2,Y,지하 지하2층 / 기타일반업무시설,CONFIRMED_BASEMENT_PARKING_USE
1990,단독주택,YES,2022,1990192022534441440800000000,2022,37.499471,1156013200,126.9105724,1156013200137030000,1,1,N,,REGISTER_ROW_WITHOUT_INDOOR_PARKING
1983,제2종근린생활시설,YES,2022,1983202183984442361800000000,2022,37.5003395,1165010800,127.0254858,1165010800113070029,1,1,N,,REGISTER_ROW_WITHOUT_INDOOR_PARKING
1998,제2종근린생활시설,YES,2022,1998202465994434624100000000,2022,37.4933587,1165010800,127.0286722,1165010800113300013,1,2,Y,지하 지2 / 기타일반업무시설,CONFIRMED_BASEMENT_PARKING_USE
1986,단독주택,YES,2022,1986191593404422514000000000,2022,37.482415,1162010200,126.9057409,1162010200116580007,1,1,N,,REGISTER_ROW_WITHOUT_INDOOR_PARKING
1988,제2종근린생활시설,YES,2022,1988189696174422386600000000,2022,37.4822428,1154510100,126.8842518,1154510100100440001,1,1,N,,REGISTER_ROW_WITHOUT_INDOOR_PARKING
