event_id,storm_group_id,fldn_bgng_ymd,fldn_bgng_tm,station_id,rain_1h,rain_3h,rain_6h,rain_12h,rain_24h,hours_available_1h,hours_available_3h,hours_available_6h,hours_available_12h,hours_available_24h
GB-20020831-1600,GB-STORM-20020831,20020831,1600,100,42.5,,,,,1,1,1,7,19
GB-20020831-1600,GB-STORM-20020831,20020831,1600,101,1.5,5.0,6.5,14.5,14.5,1,3,6,12,24
GB-20020831-1600,GB-STORM-20020831,20020831,1600,102,0.0,0.0,0.0,0.0,0.0,1,3,6,12,24
GB-20020831-1600,GB-STORM-20020831,20020831,1600,105,22.5,72.5,160.0,383.5,414.0,1,3,6,12,24
GB-20020831-1600,GB-STORM-20020831,20020831,1600,106,13.0,21.0,60.0,131.5,155.0,1,3,6,12,24
GB-20020831-1600,GB-STORM-20020831,20020831,1600,108,2.0,5.5,7.5,13.0,13.0,1,3,6,12,24
GB-20020831-1600,GB-STORM-20020831,20020831,1600,112,1.0,2.5,3.0,6.0,6.0,1,3,6,12,24
GB-20020831-1600,GB-STORM-20020831,20020831,1600,113,0.9,3.2,4.4,6.0,6.0,1,3,6,12,24
GB-20020831-1600,GB-STORM-20020831,20020831,1600,114,5.5,7.5,8.0,9.5,16.0,1,3,6,12,24
GB-20020831-1600,GB-STORM-20020831,20020831,1600,115,1.5,5.0,19.0,20.0,20.0,1,3,6,12,24
GB-20020831-1600,GB-STORM-20020831,20020831,1600,116,0.0,0.0,0.0,0.0,0.0,1,3,6,12,24
GB-20020831-1600,GB-STORM-20020831,20020831,1600,119,2.5,4.0,4.5,10.5,10.5,1,3,6,12,24
GB-20020831-1600,GB-STORM-20020831,20020831,1600,121,8.0,16.0,21.0,22.5,26.0,1,3,6,12,24
GB-20020831-1600,GB-STORM-20020831,20020831,1600,127,8.5,19.0,23.5,25.5,30.5,1,3,6,12,24
GB-20020831-1600,GB-STORM-20020831,20020831,1600,129,7.5,14.0,17.5,27.5,29.0,1,3,6,12,24
GB-20020831-1600,GB-STORM-20020831,20020831,1600,130,14.0,31.0,38.5,45.5,48.0,1,3,6,12,24
GB-20020831-1600,GB-STORM-20020831,20020831,1600,131,1.0,6.5,10.0,14.0,19.5,1,3,6,12,24
GB-20020831-1600,GB-STORM-20020831,20020831,1600,133,4.5,10.5,18.5,24.5,28.5,1,3,6,12,24
GB-20020831-1600,GB-STORM-20020831,20020831,1600,135,29.5,59.5,81.5,94.0,104.0,1,3,6,12,24
GB-20020831-1600,GB-STORM-20020831,20020831,1600,136,12.0,24.5,31.5,35.0,42.0,1,3,6,12,24
GB-20020831-1600,GB-STORM-20020831,20020831,1600,137,19.5,38.0,56.5,67.0,78.5,1,3,6,12,24
GB-20020831-1600,GB-STORM-20020831,20020831,1600,138,15.5,48.0,65.5,73.0,84.5,1,3,6,12,24
GB-20020831-1600,GB-STORM-20020831,20020831,1600,140,0.5,1.5,8.5,15.0,18.0,1,3,6,12,24
GB-20020831-1600,GB-STORM-20020831,20020831,1600,143,17.0,46.5,64.5,71.5,91.0,1,3,6,12,24
GB-20020831-1600,GB-STORM-20020831,20020831,1600,144,0.5,3.0,10.5,20.0,25.5,1,3,6,12,24
GB-20020831-1600,GB-STORM-20020831,20020831,1600,146,6.5,14.0,18.0,20.5,26.0,1,3,6,12,24
GB-20020831-1600,GB-STORM-20020831,20020831,1600,152,20.5,48.5,82.5,97.0,111.5,1,3,6,12,24
GB-20020831-1600,GB-STORM-20020831,20020831,1600,155,18.0,44.5,63.0,99.0,110.0,1,3,6,12,24
GB-20020831-1600,GB-STORM-20020831,20020831,1600,156,12.0,50.0,69.0,83.5,90.0,1,3,6,12,24
GB-20020831-1600,GB-STORM-20020831,20020831,1600,159,7.5,43.5,66.5,92.0,,1,3,6,12,18
GB-20020831-1600,GB-STORM-20020831,20020831,1600,160,1.0,7.5,16.0,29.5,41.5,1,3,6,12,24
GB-20020831-1600,GB-STORM-20020831,20020831,1600,162,19.0,73.5,135.5,173.0,178.0,1,3,6,12,24
GB-20020831-1600,GB-STORM-20020831,20020831,1600,165,3.0,6.5,12.5,33.0,46.0,1,3,6,12,24
GB-20020831-1600,GB-STORM-20020831,20020831,1600,166,,,,,,0,0,3,9,21
GB-20020831-1600,GB-STORM-20020831,20020831,1600,168,10.5,67.5,97.5,122.0,128.5,1,3,6,12,24
GB-20020831-1600,GB-STORM-20020831,20020831,1600,169,1.0,2.0,5.0,9.5,11.5,1,3,6,12,24
GB-20020831-1600,GB-STORM-20020831,20020831,1600,170,10.5,34.0,65.5,98.5,115.0,1,3,6,12,24
GB-20020831-1600,GB-STORM-20020831,20020831,1600,175,0.5,3.5,14.0,43.5,81.0,1,3,6,12,24
GB-20020831-1600,GB-STORM-20020831,20020831,1600,182,0.8,,,,,1,1,2,8,20
GB-20020831-1600,GB-STORM-20020831,20020831,1600,184,1.0,1.5,41.0,101.0,179.0,1,3,6,12,24
GB-20020831-1600,GB-STORM-20020831,20020831,1600,185,,,,,,0,0,1,5,17
GB-20020831-1600,GB-STORM-20020831,20020831,1600,189,0.0,1.0,,,,1,3,4,8,20
GB-20020831-1600,GB-STORM-20020831,20020831,1600,192,40.5,96.5,127.5,171.0,183.0,1,3,6,12,24
GB-20020831-1600,GB-STORM-20020831,20020831,1600,201,1.5,4.5,5.0,6.0,6.0,1,3,6,12,24
GB-20020831-1600,GB-STORM-20020831,20020831,1600,202,1.0,2.0,2.5,6.5,6.5,1,3,6,12,24
GB-20020831-1600,GB-STORM-20020831,20020831,1600,203,3.5,5.0,6.5,14.0,17.0,1,3,6,12,24
GB-20020831-1600,GB-STORM-20020831,20020831,1600,211,0.5,1.0,5.0,21.5,23.5,1,3,6,12,24
GB-20020831-1600,GB-STORM-20020831,20020831,1600,212,3.5,7.0,10.5,23.0,24.0,1,3,6,12,24
GB-20020831-1600,GB-STORM-20020831,20020831,1600,216,20.0,41.0,86.5,96.5,121.0,1,3,6,12,24
GB-20020831-1600,GB-STORM-20020831,20020831,1600,221,8.0,13.5,17.5,20.5,23.5,1,3,6,12,24
GB-20020831-1600,GB-STORM-20020831,20020831,1600,226,5.0,14.0,24.5,26.5,31.5,1,3,6,12,24
GB-20020831-1600,GB-STORM-20020831,20020831,1600,232,1.5,4.5,7.0,12.0,17.0,1,3,6,12,24
GB-20020831-1600,GB-STORM-20020831,20020831,1600,235,4.5,17.5,26.5,28.5,33.5,1,3,6,12,24
GB-20020831-1600,GB-STORM-20020831,20020831,1600,236,0.0,1.5,3.0,11.5,17.0,1,3,6,12,24
GB-20020831-1600,GB-STORM-20020831,20020831,1600,238,10.0,21.0,30.5,33.5,39.5,1,3,6,12,24
GB-20020831-1600,GB-STORM-20020831,20020831,1600,243,2.0,8.5,13.0,19.5,25.5,1,3,6,12,24
GB-20020831-1600,GB-STORM-20020831,20020831,1600,244,5.5,16.0,23.0,28.5,38.0,1,3,6,12,24
GB-20020831-1600,GB-STORM-20020831,20020831,1600,245,8.0,24.5,35.0,46.0,53.0,1,3,6,12,24
GB-20020831-1600,GB-STORM-20020831,20020831,1600,247,10.5,31.0,50.0,65.0,74.5,1,3,6,12,24
GB-20020831-1600,GB-STORM-20020831,20020831,1600,248,9.0,29.5,48.0,74.0,80.0,1,3,6,12,24
GB-20020831-1600,GB-STORM-20020831,20020831,1600,256,26.0,,,,,1,2,4,10,22
GB-20020831-1600,GB-STORM-20020831,20020831,1600,260,13.0,57.5,125.0,172.0,189.5,1,3,6,12,24
GB-20020831-1600,GB-STORM-20020831,20020831,1600,261,17.5,35.5,67.0,96.5,120.0,1,3,6,12,24
GB-20020831-1600,GB-STORM-20020831,20020831,1600,262,6.5,125.5,274.0,371.5,389.0,1,3,6,12,24
GB-20020831-1600,GB-STORM-20020831,20020831,1600,265,0.5,5.0,9.5,100.0,132.5,1,3,6,12,24
GB-20020831-1600,GB-STORM-20020831,20020831,1600,271,6.5,20.5,29.0,32.0,38.5,1,3,6,12,24
GB-20020831-1600,GB-STORM-20020831,20020831,1600,272,7.0,21.5,29.0,33.0,38.5,1,3,6,12,24
GB-20020831-1600,GB-STORM-20020831,20020831,1600,273,4.0,18.5,28.5,35.0,39.5,1,3,6,12,24
GB-20020831-1600,GB-STORM-20020831,20020831,1600,277,17.0,39.0,55.0,59.5,70.5,1,3,6,12,24
GB-20020831-1600,GB-STORM-20020831,20020831,1600,278,8.5,23.0,34.0,37.5,50.0,1,3,6,12,24
GB-20020831-1600,GB-STORM-20020831,20020831,1600,279,17.5,39.5,55.5,61.0,78.5,1,3,6,12,24
GB-20020831-1600,GB-STORM-20020831,20020831,1600,281,15.0,42.5,74.0,84.0,97.0,1,3,6,12,24
GB-20020831-1600,GB-STORM-20020831,20020831,1600,284,17.5,42.5,66.0,81.0,99.5,1,3,6,12,24
GB-20020831-1600,GB-STORM-20020831,20020831,1600,285,46.5,111.5,166.5,198.0,215.5,1,3,6,12,24
GB-20020831-1600,GB-STORM-20020831,20020831,1600,288,19.0,47.0,68.5,81.5,96.5,1,3,6,12,24
GB-20020831-1600,GB-STORM-20020831,20020831,1600,289,32.5,69.5,115.5,148.0,166.5,1,3,6,12,24
GB-20020831-1600,GB-STORM-20020831,20020831,1600,294,30.0,115.5,190.5,231.5,250.5,1,3,6,12,24
GB-20020831-1600,GB-STORM-20020831,20020831,1600,295,27.0,130.0,193.5,244.0,261.5,1,3,6,12,24
GB-20020831-1600,GB-STORM-20020831,20020831,1600,300,0.0,0.5,1.0,3.5,6.5,1,3,6,12,24
GB-20020831-1600,GB-STORM-20020831,20020831,1600,301,,,,,,0,1,3,7,19
GB-20020831-1600,GB-STORM-20020831,20020831,1600,302,,,,,,0,1,1,7,19
GB-20020831-1600,GB-STORM-20020831,20020831,1600,303,,,,,,0,2,5,11,23
GB-20020831-1600,GB-STORM-20020831,20020831,1600,306,1.5,27.0,131.5,177.0,198.5,1,3,6,12,24
GB-20020831-1600,GB-STORM-20020831,20020831,1600,311,38.0,104.0,170.5,198.5,219.0,1,3,6,12,24
GB-20020831-1600,GB-STORM-20020831,20020831,1600,312,37.5,104.5,148.5,166.0,177.5,1,3,6,12,24
GB-20020831-1600,GB-STORM-20020831,20020831,1600,313,2.5,8.0,15.0,21.0,27.5,1,3,6,12,24
GB-20020831-1600,GB-STORM-20020831,20020831,1600,314,7.5,20.5,42.0,61.5,74.0,1,3,6,12,24
GB-20020831-1600,GB-STORM-20020831,20020831,1600,315,14.0,34.0,53.5,83.5,98.5,1,3,6,12,24
GB-20020831-1600,GB-STORM-20020831,20020831,1600,316,21.5,65.0,100.0,124.5,134.5,1,3,6,12,24
GB-20020831-1600,GB-STORM-20020831,20020831,1600,317,9.0,23.0,30.0,42.0,49.0,1,3,6,12,24
GB-20020831-1600,GB-STORM-20020831,20020831,1600,318,11.5,,,,,1,1,1,7,19
GB-20020831-1600,GB-STORM-20020831,20020831,1600,319,2.0,6.0,20.5,21.5,21.5,1,3,6,12,24
GB-20020831-1600,GB-STORM-20020831,20020831,1600,320,11.5,40.5,97.0,164.0,183.0,1,3,6,12,24
GB-20020831-1600,GB-STORM-20020831,20020831,1600,321,0.5,1.0,6.5,28.0,30.0,1,3,6,12,24
GB-20020831-1600,GB-STORM-20020831,20020831,1600,322,1.5,3.5,5.5,7.0,7.0,1,3,6,12,24
GB-20020831-1600,GB-STORM-20020831,20020831,1600,323,1.5,5.0,5.5,6.0,6.0,1,3,6,12,24
GB-20020831-1600,GB-STORM-20020831,20020831,1600,324,4.5,16.5,23.5,24.5,28.5,1,3,6,12,24
GB-20020831-1600,GB-STORM-20020831,20020831,1600,325,6.5,10.5,13.5,16.0,19.5,1,3,6,12,24
GB-20020831-1600,GB-STORM-20020831,20020831,1600,326,2.0,3.5,4.5,10.5,11.0,1,3,6,12,24
GB-20020831-1600,GB-STORM-20020831,20020831,1600,327,1.0,6.5,9.5,12.5,15.5,1,3,6,12,24
GB-20020831-1600,GB-STORM-20020831,20020831,1600,328,4.5,6.5,47.0,109.0,118.5,1,3,6,12,24
GB-20020831-1600,GB-STORM-20020831,20020831,1600,329,9.0,9.5,89.0,271.5,494.5,1,3,6,12,24
GB-20020831-1600,GB-STORM-20020831,20020831,1600,330,11.0,33.0,142.5,302.0,352.5,1,3,6,12,24
GB-20020831-1600,GB-STORM-20020831,20020831,1600,400,0.5,2.0,4.5,8.0,8.0,1,3,6,12,24
GB-20020831-1600,GB-STORM-20020831,20020831,1600,401,0.5,2.0,2.5,7.5,7.5,1,3,6,12,24
GB-20020831-1600,GB-STORM-20020831,20020831,1600,402,1.0,3.5,4.0,12.0,12.0,1,3,6,12,24
GB-20020831-1600,GB-STORM-20020831,20020831,1600,403,0.5,1.5,3.0,7.5,7.5,1,3,6,12,24
GB-20020831-1600,GB-STORM-20020831,20020831,1600,404,0.0,0.0,0.0,0.0,0.0,1,3,6,12,24
GB-20020831-1600,GB-STORM-20020831,20020831,1600,405,1.0,2.5,3.5,7.0,7.0,1,3,6,12,24
GB-20020831-1600,GB-STORM-20020831,20020831,1600,406,1.5,3.0,5.0,7.5,7.5,1,3,6,12,24
GB-20020831-1600,GB-STORM-20020831,20020831,1600,407,1.0,2.5,3.5,12.0,12.0,1,3,6,12,24
GB-20020831-1600,GB-STORM-20020831,20020831,1600,408,0.5,1.5,3.0,9.5,9.5,1,3,6,12,24
GB-20020831-1600,GB-STORM-20020831,20020831,1600,409,1.0,2.0,3.0,11.5,11.5,1,3,6,12,24
GB-20020831-1600,GB-STORM-20020831,20020831,1600,410,1.5,4.0,5.5,10.5,10.5,1,3,6,12,24
GB-20020831-1600,GB-STORM-20020831,20020831,1600,411,1.0,3.0,3.5,7.5,7.5,1,3,6,12,24
GB-20020831-1600,GB-STORM-20020831,20020831,1600,412,1.5,4.5,5.5,9.5,9.5,1,3,6,12,24
GB-20020831-1600,GB-STORM-20020831,20020831,1600,413,0.5,2.0,4.0,11.5,11.5,1,3,6,12,24
GB-20020831-1600,GB-STORM-20020831,20020831,1600,414,1.5,4.0,6.0,10.5,10.5,1,3,6,12,24
GB-20020831-1600,GB-STORM-20020831,20020831,1600,415,1.0,3.5,5.5,9.0,9.0,1,3,6,12,24
GB-20020831-1600,GB-STORM-20020831,20020831,1600,416,1.5,4.5,5.5,10.5,10.5,1,3,6,12,24
GB-20020831-1600,GB-STORM-20020831,20020831,1600,417,2.0,4.5,5.5,14.5,14.5,1,3,6,12,24
GB-20020831-1600,GB-STORM-20020831,20020831,1600,418,1.0,2.5,3.5,5.5,5.5,1,3,6,12,24
GB-20020831-1600,GB-STORM-20020831,20020831,1600,419,1.0,2.5,3.5,6.0,6.0,1,3,6,12,24
GB-20020831-1600,GB-STORM-20020831,20020831,1600,420,2.0,6.0,8.5,11.5,11.5,1,3,6,12,24
GB-20020831-1600,GB-STORM-20020831,20020831,1600,421,0.0,1.0,1.0,5.0,5.0,1,3,6,12,24
GB-20020831-1600,GB-STORM-20020831,20020831,1600,423,1.5,5.5,6.0,14.0,14.0,1,3,6,12,24
GB-20020831-1600,GB-STORM-20020831,20020831,1600,424,1.0,3.0,5.5,10.0,10.0,1,3,6,12,24
GB-20020831-1600,GB-STORM-20020831,20020831,1600,499,,,,,,0,2,5,11,23
GB-20020831-1600,GB-STORM-20020831,20020831,1600,500,1.0,4.0,5.0,6.0,6.0,1,3,6,12,24
GB-20020831-1600,GB-STORM-20020831,20020831,1600,501,0.0,0.0,0.0,0.0,0.0,1,3,6,12,24
GB-20020831-1600,GB-STORM-20020831,20020831,1600,502,2.0,5.0,5.0,5.5,5.5,1,3,6,12,24
GB-20020831-1600,GB-STORM-20020831,20020831,1600,503,1.5,6.5,6.5,6.5,6.5,1,3,6,12,24
GB-20020831-1600,GB-STORM-20020831,20020831,1600,504,0.5,2.5,3.5,5.0,5.0,1,3,6,12,24
GB-20020831-1600,GB-STORM-20020831,20020831,1600,505,1.5,3.5,4.0,6.5,6.5,1,3,6,12,24
GB-20020831-1600,GB-STORM-20020831,20020831,1600,506,1.0,2.5,3.0,5.0,5.0,1,3,6,12,24
GB-20020831-1600,GB-STORM-20020831,20020831,1600,507,1.5,4.5,5.5,6.5,6.5,1,3,6,12,24
GB-20020831-1600,GB-STORM-20020831,20020831,1600,509,1.0,3.5,5.0,13.5,13.5,1,3,6,12,24
GB-20020831-1600,GB-STORM-20020831,20020831,1600,510,1.0,2.5,4.0,7.0,7.0,1,3,6,12,24
GB-20020831-1600,GB-STORM-20020831,20020831,1600,511,1.5,4.5,5.5,8.5,8.5,1,3,6,12,24
GB-20020831-1600,GB-STORM-20020831,20020831,1600,512,1.0,3.0,4.0,6.5,6.5,1,3,6,12,24
GB-20020831-1600,GB-STORM-20020831,20020831,1600,513,0.0,2.0,3.5,3.5,3.5,1,3,6,12,24
GB-20020831-1600,GB-STORM-20020831,20020831,1600,514,1.5,3.5,4.5,7.0,7.0,1,3,6,12,24
GB-20020831-1600,GB-STORM-20020831,20020831,1600,515,4.0,6.5,8.5,19.0,19.0,1,3,6,12,24
GB-20020831-1600,GB-STORM-20020831,20020831,1600,516,5.5,9.5,12.0,20.5,25.0,1,3,6,12,24
GB-20020831-1600,GB-STORM-20020831,20020831,1600,517,5.0,13.0,39.5,84.5,96.0,1,3,6,12,24
GB-20020831-1600,GB-STORM-20020831,20020831,1600,518,0.0,1.0,15.0,31.0,31.5,1,3,6,12,24
GB-20020831-1600,GB-STORM-20020831,20020831,1600,519,3.0,6.5,9.0,11.5,12.0,1,3,6,12,24
GB-20020831-1600,GB-STORM-20020831,20020831,1600,520,20.0,52.5,109.5,200.0,232.5,1,3,6,12,24
GB-20020831-1600,GB-STORM-20020831,20020831,1600,521,13.0,31.5,70.0,166.5,184.5,1,3,6,12,24
GB-20020831-1600,GB-STORM-20020831,20020831,1600,522,1.0,3.5,6.5,25.0,26.5,1,3,6,12,24
GB-20020831-1600,GB-STORM-20020831,20020831,1600,523,12.5,37.5,94.5,246.0,274.5,1,3,6,12,24
GB-20020831-1600,GB-STORM-20020831,20020831,1600,524,12.0,42.5,131.0,328.0,356.0,1,3,6,12,24
GB-20020831-1600,GB-STORM-20020831,20020831,1600,525,6.5,,,,,1,1,1,7,19
GB-20020831-1600,GB-STORM-20020831,20020831,1600,526,4.5,,,,,1,1,1,7,19
GB-20020831-1600,GB-STORM-20020831,20020831,1600,527,7.5,20.0,28.5,33.0,39.5,1,3,6,12,24
GB-20020831-1600,GB-STORM-20020831,20020831,1600,528,0.0,0.0,0.0,0.0,0.0,1,3,6,12,24
GB-20020831-1600,GB-STORM-20020831,20020831,1600,529,27.5,41.0,57.0,70.0,79.0,1,3,6,12,24
GB-20020831-1600,GB-STORM-20020831,20020831,1600,530,1.0,2.0,15.0,16.0,16.0,1,3,6,12,24
GB-20020831-1600,GB-STORM-20020831,20020831,1600,531,2.5,8.5,10.5,16.0,16.0,1,3,6,12,24
GB-20020831-1600,GB-STORM-20020831,20020831,1600,532,1.5,4.5,5.5,8.0,8.0,1,3,6,12,24
GB-20020831-1600,GB-STORM-20020831,20020831,1600,533,1.0,2.0,3.0,10.0,10.0,1,3,6,12,24
GB-20020831-1600,GB-STORM-20020831,20020831,1600,534,5.5,8.5,10.0,14.5,20.0,1,3,6,12,24
GB-20020831-1600,GB-STORM-20020831,20020831,1600,535,2.5,4.0,5.5,14.5,18.5,1,3,6,12,24
GB-20020831-1600,GB-STORM-20020831,20020831,1600,536,1.5,2.5,3.0,7.0,9.5,1,3,6,12,24
GB-20020831-1600,GB-STORM-20020831,20020831,1600,537,14.0,,,,,1,1,1,7,19
GB-20020831-1600,GB-STORM-20020831,20020831,1600,538,2.0,4.0,4.0,4.0,4.0,1,3,6,12,24
GB-20020831-1600,GB-STORM-20020831,20020831,1600,539,1.0,1.5,2.0,3.0,3.0,1,3,6,12,24
GB-20020831-1600,GB-STORM-20020831,20020831,1600,540,0.0,0.0,0.0,0.0,0.0,1,3,6,12,24
GB-20020831-1600,GB-STORM-20020831,20020831,1600,541,1.0,3.0,3.5,10.5,10.5,1,3,6,12,24
GB-20020831-1600,GB-STORM-20020831,20020831,1600,542,1.5,5.0,6.0,12.0,12.0,1,3,6,12,24
GB-20020831-1600,GB-STORM-20020831,20020831,1600,543,1.0,3.0,3.5,5.0,5.0,1,3,6,12,24
GB-20020831-1600,GB-STORM-20020831,20020831,1600,544,1.5,3.5,4.5,10.5,10.5,1,3,6,12,24
GB-20020831-1600,GB-STORM-20020831,20020831,1600,545,2.5,4.5,6.0,13.0,13.0,1,3,6,12,24
GB-20020831-1600,GB-STORM-20020831,20020831,1600,546,2.0,3.5,4.5,14.0,14.0,1,3,6,12,24
GB-20020831-1600,GB-STORM-20020831,20020831,1600,547,2.0,3.0,4.0,10.5,12.0,1,3,6,12,24
GB-20020831-1600,GB-STORM-20020831,20020831,1600,548,2.0,3.0,3.0,8.5,13.0,1,3,6,12,24
GB-20020831-1600,GB-STORM-20020831,20020831,1600,549,3.0,5.0,7.0,14.5,15.0,1,3,6,12,24
GB-20020831-1600,GB-STORM-20020831,20020831,1600,550,2.0,3.0,11.0,12.0,12.0,1,3,6,12,24
GB-20020831-1600,GB-STORM-20020831,20020831,1600,551,2.5,4.5,6.0,12.5,16.0,1,3,6,12,24
GB-20020831-1600,GB-STORM-20020831,20020831,1600,552,1.5,4.0,4.5,4.5,4.5,1,3,6,12,24
GB-20020831-1600,GB-STORM-20020831,20020831,1600,553,2.5,9.5,28.5,53.5,59.5,1,3,6,12,24
GB-20020831-1600,GB-STORM-20020831,20020831,1600,554,4.5,15.0,39.0,88.5,105.0,1,3,6,12,24
GB-20020831-1600,GB-STORM-20020831,20020831,1600,555,1.0,4.0,6.5,9.5,9.5,1,3,6,12,24
GB-20020831-1600,GB-STORM-20020831,20020831,1600,556,1.0,3.0,6.0,19.0,19.5,1,3,6,12,24
GB-20020831-1600,GB-STORM-20020831,20020831,1600,557,1.0,2.5,5.5,31.0,33.5,1,3,6,12,24
GB-20020831-1600,GB-STORM-20020831,20020831,1600,558,2.0,5.0,6.5,12.5,13.0,1,3,6,12,24
GB-20020831-1600,GB-STORM-20020831,20020831,1600,559,4.5,9.0,12.5,42.0,46.5,1,3,6,12,24
GB-20020831-1600,GB-STORM-20020831,20020831,1600,560,8.0,,,,,1,1,1,7,19
GB-20020831-1600,GB-STORM-20020831,20020831,1600,561,3.5,5.0,5.5,10.0,13.5,1,3,6,12,24
GB-20020831-1600,GB-STORM-20020831,20020831,1600,562,5.0,9.0,11.0,14.5,18.0,1,3,6,12,24
GB-20020831-1600,GB-STORM-20020831,20020831,1600,563,0.0,0.0,0.0,0.0,0.0,1,3,6,12,24
GB-20020831-1600,GB-STORM-20020831,20020831,1600,564,24.0,37.5,86.5,114.0,140.0,1,3,6,12,24
GB-20020831-1600,GB-STORM-20020831,20020831,1600,565,2.0,4.5,5.0,8.5,8.5,1,3,6,12,24
GB-20020831-1600,GB-STORM-20020831,20020831,1600,566,29.0,106.0,151.0,275.0,324.5,1,3,6,12,24
GB-20020831-1600,GB-STORM-20020831,20020831,1600,567,1.5,4.5,5.0,5.5,5.5,1,3,6,12,24
GB-20020831-1600,GB-STORM-20020831,20020831,1600,568,1.0,1.0,1.0,2.5,2.5,1,3,6,12,24
GB-20020831-1600,GB-STORM-20020831,20020831,1600,569,1.0,2.0,3.0,12.5,12.5,1,3,6,12,24
GB-20020831-1600,GB-STORM-20020831,20020831,1600,570,1.5,5.5,7.0,8.5,8.5,1,3,6,12,24
GB-20020831-1600,GB-STORM-20020831,20020831,1600,571,3.5,5.5,7.5,16.0,16.0,1,3,6,12,24
GB-20020831-1600,GB-STORM-20020831,20020831,1600,572,1.5,2.5,3.0,10.5,10.5,1,3,6,12,24
